Model,MAE,MSE,RMSE,R2
Gradient Boosting,0.22804800180458024,1.4135646230672254,1.1889342383274297,0.9709587162412284
Random Forest,0.26239038536772546,2.065735705126912,1.437266748076679,0.9575600465629622
Decision Tree,0.27733970992669776,2.254834190778082,1.5016105323212414,0.9536750718751879
KNN,0.26289519044046367,2.470899494322179,1.571909505767485,0.9492360715718031
Ridge,0.8461186994290328,4.588921325761548,2.142176772762124,0.9057219145178185
Linear Regression,0.8462081375411425,4.58896968309231,2.142188059693245,0.9057209210301904
Lasso,0.5419466448262014,4.626190690044561,2.1508581287580455,0.904956226012327
SVR,0.6017560814901195,13.772995388978458,3.7111986458526385,0.7170377209697938
